{
  "0d0": {
    "H2": -4.6665527356,
    "KH": -114.1665433484,
    "LiH": -16.2693710633,
    "KLiH3": -131.5067568125
  },
  "1d0": {
    "H2": -4.6642803825,
    "KH": -114.1649993407,
    "LiH": -16.2686341366,
    "KLiH3": -131.5037760414
  },
  "1d1": {
    "H2": -4.6467066323,
    "KH": -114.1512022525,
    "LiH": -16.2620865793,
    "KLiH3": -131.4778681315
  },
  "1d2": {
    "H2": -4.5376450497,
    "KH": -114.0221211477,
    "LiH": -16.2030103645,
    "KLiH3": -131.2571916862
  },
  "1d3": {
    "H2": -4.0165557253,
    "KH": -113.1649454306,
    "LiH": -15.7845787075,
    "KLiH3": -129.8716484754
  },
  "1d4": {
    "H2": -1.959973438,
    "KH": -109.5983240885,
    "LiH": -14.0640192624,
    "KLiH3": -123.9903869082
  },
  "5d1": {
    "H2": -4.5903705574,
    "KH": -114.0919315219,
    "LiH": -16.2346364857,
    "KLiH3": -131.3735033205
  },
  "5d2": {
    "H2": -4.2595671411,
    "KH": -113.5773089854,
    "LiH": -16.0034033668,
    "KLiH3": -130.5440040359
  },
  "5d3": {
    "H2": -2.9142292924,
    "KH": -111.2121886285,
    "LiH": -14.8408943513,
    "KLiH3": -126.641541152
  }
}
